"input__destination","input__duration","input__interests__001","input__interests__002","input__interests__003","input__interests__004","input__interests__005","output__optimized_itinerary__state","output__optimized_itinerary__days__day","output__optimized_itinerary__days__morning","output__optimized_itinerary__days__afternoon","output__optimized_itinerary__days__evening"
"Agra","2","history","architecture","","","","","1","Visit the Taj Mahal at sunrise","Explore Agra Fort","Mehtab Bagh for sunset views of the Taj"
"","","","","","","","","2","Visit Fatehpur Sikri","Explore the Tomb of Itimad-ud-Daulah (Baby Taj)","Shopping for local handicrafts"
"Jaipur","3","history","culture","shopping","","","","1","Explore City Palace","Visit Jantar Mantar","Shopping at Johari Bazaar"
"","","","","","","","","2","Visit Amer Fort","Explore Jaigarh Fort","Enjoy a traditional Rajasthani dinner"
"","","","","","","","","3","Visit Hawa Mahal and Nahargarh Fort","Block printing workshop","Relax at a rooftop cafe"
"Goa","4","beach","nightlife","watersports","","","","1","Relax at Calangute Beach","Watersports at Baga Beach","Party at Tito's Lane"
"","","","","","","","","2","Explore Old Goa churches","Visit a spice plantation","Sunset cruise on the Mandovi River"
"","","","","","","","","3","Dolphin spotting trip","Relax at Anjuna Beach","Anjuna Flea Market"
"","","","","","","","","4","Visit Dudhsagar Falls","Explore the peaceful beaches of South Goa","Dinner at a beach shack"
"Delhi","3","history","food","culture","","","","1","Explore Old Delhi: Jama Masjid, Chandni Chowk","Visit Red Fort","Light and sound show at Red Fort"
"","","","","","","","","2","Visit Humayun's Tomb and Qutub Minar","Explore Lodhi Garden","Dine at a fine dining restaurant"
"","","","","","","","","3","Visit India Gate and Rashtrapati Bhavan","Explore Connaught Place for shopping","Food tour in a local market"
"Mumbai","3","city life","food","bollywood","","","","1","Visit the Gateway of India and take a ferry to Elephanta Caves","Explore Colaba Causeway for shopping","Walk along Marine Drive"
"","","","","","","","","2","Dharavi slum tour","Visit Haji Ali Dargah and Mahalaxmi Temple","Watch a Bollywood movie at a classic cinema"
"","","","","","","","","3","Explore Bandra-Worli Sea Link and Bandstand","Visit Film City","Enjoy the nightlife in Bandra"
"Varanasi","2","spirituality","culture","","","","","1","Sunrise boat ride on the Ganges","Explore the ghats and temples","Witness the Ganga Aarti ceremony"
"","","","","","","","","2","Visit Sarnath","Walking tour of the old city","Attend a classical music concert"
"Udaipur","3","culture","nature","","","","","1","City Palace tour","Boat ride on Lake Pichola","Cultural show at Bagore Ki Haveli"
"","","","","","","","","2","Visit Jagdish Temple and Saheliyon Ki Bari","Explore the vintage car museum","Sunset at Monsoon Palace"
"","","","","","","","","3","Day trip to Kumbhalgarh Fort","Explore the fort","Relax by the lake"
"Jodhpur","2","history","architecture","","","","","1","Explore Mehrangarh Fort","Visit Jaswant Thada","Explore the blue city and its markets"
"","","","","","","","","2","Visit Umaid Bhawan Palace Museum","Shopping for local handicrafts","Enjoy a traditional Rajasthani thali"
"Rishikesh","3","adventure","spirituality","yoga","","","","1","River rafting on the Ganges","Visit Lakshman Jhula and Ram Jhula","Attend the Ganga Aarti at Triveni Ghat"
"","","","","","","","","2","Yoga and meditation session","Hike to a waterfall","Explore the local cafes"
"","","","","","","","","3","Bungee jumping or zip-lining","Visit the Beatles Ashram","Relax by the river"
"Shimla","3","nature","colonial architecture","","","","","1","Walk along the Mall Road","Visit the Viceregal Lodge","Enjoy views from the Ridge"
"","","","","","","","","2","Toy train ride to Kalka","Visit Jakhoo Temple","Explore the local markets"
"","","","","","","","","3","Day trip to Kufri","Enjoy horse riding and other activities","Relax and enjoy the cool weather"
"Manali","4","adventure","nature","honeymoon","","","","1","Explore Manali town","Visit Hadimba Temple","Relax by the Beas River"
"","","","","","","","","2","Day trip to Solang Valley","Paragliding and other adventure sports","Bonfire and music"
"","","","","","","","","3","Day trip to Rohtang Pass","Enjoy the snow and stunning views","Explore the Mall Road"
"","","","","","","","","4","Visit Old Manali","Explore the cafes and chill","Departure"
"Darjeeling","3","tea plantations","nature","mountains","","","","1","Sunrise at Tiger Hill","Visit a tea estate and factory","Stroll around Chowrasta Mall"
"","","","","","","","","2","Darjeeling Himalayan Railway (Toy Train) ride","Visit the Himalayan Mountaineering Institute and Zoo","Explore the local markets"
"","","","","","","","","3","Visit the Peace Pagoda","Explore the Rock Garden and Ganga Maya Park","Enjoy a traditional Tibetan meal"
"Munnar","3","nature","tea plantations","wildlife","","","","1","Visit a tea museum","Explore the tea gardens","Relax and enjoy the serene environment"
"","","","","","","","","2","Visit Eravikulam National Park","Explore Mattupetty Dam and Echo Point","Boating in Kundala Lake"
"","","","","","","","","3","Visit Top Station for panoramic views","Explore the local market for spices","Enjoy a quiet evening amidst nature"
"Alleppey (Alappuzha)","2","backwaters","houseboat","relaxation","","","","1","Check into a houseboat","Cruise through the backwaters","Enjoy a traditional Kerala meal on the houseboat"
"","","","","","","","","2","Explore the local villages and paddy fields","Relax on the houseboat","Departure"
"Kochi (Cochin)","2","history","culture","food","","","","1","Explore Fort Kochi: Chinese Fishing Nets, St. Francis Church","Visit the Dutch Palace and Jewish Synagogue","Watch a Kathakali performance"
"","","","","","","","","2","Explore Mattancherry","Shopping for spices and antiques","Enjoy seafood at a local restaurant"
"Hampi","3","history","ruins","bouldering","","","","1","Explore the Virupaksha Temple and Hampi Bazaar","Visit the Vittala Temple Complex (Stone Chariot)","Sunset from Matanga Hill"
"","","","","","","","","2","Explore the Royal Enclosure","Visit the Zenana Enclosure and Elephant Stables","Coracle ride on the Tungabhadra River"
"","","","","","","","","3","Explore the other side of the river (Anegundi)","Bouldering and exploring the hippie culture","Relax at a cafe"
"Mysore","2","history","palaces","culture","","","","1","Visit Mysore Palace","Explore Devaraja Market","Witness the illumination of Mysore Palace"
"","","","","","","","","2","Visit Chamundi Hills and Chamundeshwari Temple","Explore the Jaganmohan Palace and Art Gallery","Enjoy a traditional Mysore Pak"
"Amritsar","2","spirituality","history","food","","","","1","Visit the Golden Temple","Explore Jallianwala Bagh","Witness the Palki Sahib ceremony at the Golden Temple"
"","","","","","","","","2","Visit the Wagah Border for the Beating Retreat ceremony","Explore the local markets","Enjoy a traditional Punjabi meal"
"Leh-Ladakh","7","adventure","mountains","monasteries","","","","1","Arrive in Leh and acclimatize","Rest","Explore Leh market"
"","","","","","","","","2","Visit Leh Palace and Shanti Stupa","Explore local monasteries: Hemis, Thiksey, Shey","Relax"
"","","","","","","","","3","Drive to Nubra Valley via Khardung La","Camel safari in Hunder sand dunes","Stay overnight in Nubra"
"","","","","","","","","4","Visit Diskit Monastery","Drive back to Leh","Relax"
"","","","","","","","","5","Drive to Pangong Tso","Enjoy the beauty of the lake","Stay overnight near Pangong"
"","","","","","","","","6","Drive back to Leh","Explore local markets","Farewell dinner"
"","","","","","","","","7","Departure from Leh","",""
"Srinagar","4","nature","lakes","gardens","","","","1","Arrive in Srinagar and check into a houseboat","Shikara ride on Dal Lake","Explore the floating markets"
"","","","","","","","","2","Visit Mughal Gardens: Nishat Bagh, Shalimar Bagh","Explore Shankaracharya Temple","Relax on the houseboat"
"","","","","","","","","3","Day trip to Gulmarg","Enjoy the gondola ride","Return to Srinagar"
"","","","","","","","","4","Day trip to Pahalgam","Explore the beautiful valleys","Return to Srinagar"
"Jaisalmer","3","desert","forts","culture","","","","1","Explore Jaisalmer Fort","Visit Patwon Ki Haveli","Enjoy sunset views from the fort"
"","","","","","","","","2","Visit Gadisar Lake","Camel safari to the sand dunes","Cultural program and dinner at a desert camp"
"","","","","","","","","3","Explore the desert camp","Return to Jaisalmer and explore local markets","Departure"
"Khajuraho","2","temples","sculptures","history","","","","1","Explore the Western Group of Temples","Visit the Eastern Group of Temples","Light and sound show"
"","","","","","","","","2","Explore the Southern Group of Temples","Visit the Raneh Falls","Departure"
"Aurangabad (Ajanta & Ellora Caves)","3","caves","history","architecture","","","","1","Day trip to Ajanta Caves","Explore the caves","Return to Aurangabad"
"","","","","","","","","2","Day trip to Ellora Caves","Explore the caves and Kailasa Temple","Return to Aurangabad"
"","","","","","","","","3","Visit Bibi Ka Maqbara and Daulatabad Fort","Explore Aurangabad city","Departure"
"Kolkata","3","culture","history","food","","","","1","Visit the Victoria Memorial","Explore St. Paul's Cathedral and the Maidan","Take a tram ride"
"","","","","","","","","2","Explore North Kolkata: Kumortuli, Marble Palace","Visit the Howrah Bridge and Flower Market","Enjoy Bengali cuisine"
"","","","","","","","","3","Visit the Indian Museum","Explore Park Street","Food tour"
"Chennai","2","temples","beaches","culture","","","","1","Visit Kapaleeshwarar Temple","Explore Marina Beach","Enjoy the local cuisine"
"","","","","","","","","2","Day trip to Mahabalipuram","Explore the shore temples and rock-cut sculptures","Return to Chennai"
"Madurai","2","temples","history","culture","","","","1","Visit Meenakshi Amman Temple","Explore Thirumalai Nayakkar Palace","Witness the night ceremony at Meenakshi Temple"
"","","","","","","","","2","Visit Gandhi Memorial Museum","Explore the local markets","Departure"
"Ranthambore National Park","2","wildlife","safari","nature","","","","1","Morning safari","Relax at the resort","Evening safari"
"","","","","","","","","2","Morning safari","Visit Ranthambore Fort","Departure"
"Jim Corbett National Park","2","wildlife","safari","nature","","","","1","Morning safari","Nature walk along the Kosi River","Evening safari"
"","","","","","","","","2","Morning safari","Visit Corbett Museum","Departure"
"Kaziranga National Park","2","wildlife","safari","nature","","","","1","Elephant safari","Jeep safari","Cultural show"
"","","","","","","","","2","Jeep safari in another range","Visit a tea garden","Departure"
"Sundarbans National Park","3","wildlife","mangroves","boating","","","","1","Travel to the Sundarbans","Boat cruise through the mangroves","Stay at a jungle resort"
"","","","","","","","","2","Visit a watchtower for wildlife viewing","Explore the local villages","Cultural program"
"","","","","","","","","3","Boat safari","Return to Kolkata","Departure"
"Pondicherry","3","french culture","beaches","spirituality","","","","1","Explore the French Quarter","Visit Aurobindo Ashram","Stroll along the Promenade Beach"
"","","","","","","","","2","Day trip to Auroville","Visit Matrimandir","Relax at a cafe in Auroville"
"","","","","","","","","3","Explore the beaches: Paradise Beach, Serenity Beach","Shopping for local handicrafts","Enjoy French cuisine"
"Ooty","3","nature","tea plantations","hills","","","","1","Toy train ride from Mettupalayam to Ooty","Visit Ooty Lake","Explore the local market"
"","","","","","","","","2","Visit the Botanical Gardens","Explore Doddabetta Peak","Visit a tea factory"
"","","","","","","","","3","Day trip to Coonoor","Explore Sim's Park and Dolphin's Nose","Return to Ooty"
"Kodaikanal","3","nature","lakes","hills","","","","1","Boating in Kodaikanal Lake","Explore Coaker's Walk","Enjoy the views from Bryant Park"
"","","","","","","","","2","Visit Pillar Rocks and Green Valley View","Explore Bear Shola Falls","Visit the Kodai Astrophysical Observatory"
"","","","","","","","","3","Trekking in the hills","Explore the local markets for homemade chocolates","Departure"
"Mahabaleshwar","2","nature","viewpoints","strawberries","","","","1","Visit Arthur's Seat and other viewpoints","Boating in Venna Lake","Explore the market and enjoy strawberry with cream"
"","","","","","","","","2","Visit Pratapgad Fort","Explore the strawberry farms","Departure"
"Lonavala","2","hills","forts","caves","","","","1","Visit Karla and Bhaja Caves","Explore Lohagad Fort","Enjoy the views from Tiger Point"
"","","","","","","","","2","Visit Bushi Dam","Explore Lonavala Lake","Enjoy chikki and fudge"
"Mount Abu","2","temples","nature","relaxation","","","","1","Visit Dilwara Temples","Boating in Nakki Lake","Sunset at Sunset Point"
"","","","","","","","","2","Visit Guru Shikhar","Explore Achalgarh Fort","Departure"
"Nainital","3","lakes","nature","hills","","","","1","Boating in Naini Lake","Visit Naina Devi Temple","Stroll along the Mall Road"
"","","","","","","","","2","Cable car ride to Snow View Point","Visit the Nainital Zoo","Explore the Tibetan Market"
"","","","","","","","","3","Day trip to Bhimtal, Sattal, and Naukuchiatal","Enjoy the beauty of the lakes","Return to Nainital"
"Mussoorie","3","hills","nature","waterfalls","","","","1","Visit Kempty Falls","Cable car ride to Gun Hill","Stroll along the Mall Road"
"","","","","","","","","2","Visit Landour and St. Paul's Church","Explore Lal Tibba","Enjoy the sunset views"
"","","","","","","","","3","Day trip to Dhanaulti","Explore the Eco Park","Return to Mussoorie"
"Gangtok","4","mountains","monasteries","nature","","","","1","Arrive in Gangtok and relax","Explore MG Marg","Enjoy local cuisine"
"","","","","","","","","2","Day trip to Tsomgo Lake and Baba Mandir","Enjoy the scenic beauty","Return to Gangtok"
"","","","","","","","","3","Visit Rumtek Monastery","Explore the Namgyal Institute of Tibetology","Ropeway ride"
"","","","","","","","","4","Visit Enchey Monastery and Ganesh Tok","Explore the flower exhibition centre","Departure"
"Shillong","4","nature","waterfalls","caves","","","","1","Arrive in Shillong and visit Umiam Lake","Explore Ward's Lake and Lady Hydari Park","Stroll around Police Bazaar"
"","","","","","","","","2","Day trip to Cherrapunji","Visit Nohkalikai Falls and Mawsmai Cave","Return to Shillong"
"","","","","","","","","3","Visit Shillong Peak and Elephant Falls","Explore the Don Bosco Museum","Enjoy the nightlife"
"","","","","","","","","4","Day trip to Mawlynnong (Asia's cleanest village)","Visit the Living Root Bridge","Return to Shillong"
"Tawang","5","monasteries","mountains","history","","","","1","Travel to Tawang from Guwahati/Tezpur","Stop at Sela Pass","Arrive in Tawang and relax"
"","","","","","","","","2","Visit Tawang Monastery","Explore the Giant Buddha Statue","Visit the Tawang War Memorial"
"","","","","","","","","3","Day trip to Bum La Pass and Madhuri Lake","Enjoy the scenic beauty","Return to Tawang"
"","","","","","","","","4","Visit Urgelling Monastery and Ani Gompa","Explore the local markets","Relax"
"","","","","","","","","5","Travel back to Guwahati/Tezpur","","Departure"
"Puri","3","temples","beaches","spirituality","","","","1","Visit Jagannath Temple","Relax on Puri Beach","Explore the local markets"
"","","","","","","","","2","Day trip to Konark Sun Temple","Visit Chandrabhaga Beach","Return to Puri"
"","","","","","","","","3","Visit Raghurajpur heritage village","Explore the Chilika Lake","Departure"
"Konark","1","temples","architecture","","","","","1","Visit the Konark Sun Temple","Explore the Archaeological Survey of India Museum","Visit Chandrabhaga Beach"
"Rameshwaram","2","temples","spirituality","history","","","","1","Visit Ramanathaswamy Temple and take a holy dip in Agnitheertham","Explore Dhanushkodi","Visit APJ Abdul Kalam Memorial"
"","","","","","","","","2","Visit the five-faced Hanuman temple","Explore Pamban Bridge","Departure"
"Kanyakumari","2","beaches","spirituality","sunsets","","","","1","Visit Vivekananda Rock Memorial and Thiruvalluvar Statue","Explore Kanyakumari Temple","Witness the sunset at the Triveni Sangam"
"","","","","","","","","2","Witness the sunrise","Visit the Gandhi Memorial Mandapam","Departure"
"Tirupati","2","temples","pilgrimage","spirituality","","","","1","Visit Sri Venkateswara Temple in Tirumala","Explore other temples in Tirumala","Return to Tirupati"
"","","","","","","","","2","Visit Sri Govindarajaswamy Temple and Sri Padmavathi Ammavari Temple","Explore the local markets","Departure"
"Vaishno Devi","3","pilgrimage","trekking","spirituality","","","","1","Arrive in Katra and start the trek to Vaishno Devi Bhawan","Continue the trek","Reach Bhawan and have darshan"
"","","","","","","","","2","Visit Bhairon Nath Temple","Trek back to Katra","Rest in Katra"
"","","","","","","","","3","Explore Katra","Departure",""
"Haridwar","2","spirituality","temples","ganga river","","","","1","Take a holy dip in the Ganges at Har Ki Pauri","Visit Mansa Devi Temple and Chandi Devi Temple","Witness the Ganga Aarti"
"","","","","","","","","2","Visit various ashrams and temples","Explore the local markets","Departure"
"Mathura-Vrindavan","2","temples","spirituality","history","","","","1","Visit Krishna Janmabhoomi Temple in Mathura","Explore Dwarkadheesh Temple and Vishram Ghat","Travel to Vrindavan"
"","","","","","","","","2","Visit Banke Bihari Temple and ISKCON Temple in Vrindavan","Explore Prem Mandir and other temples","Departure"
"Bodh Gaya","2","buddhism","spirituality","history","","","","1","Visit the Mahabodhi Temple and the Bodhi Tree","Explore various monasteries built by different countries","Meditation session"
"","","","","","","","","2","Visit the Great Buddha Statue","Explore the archaeological museum","Departure"
"Pushkar","2","Spiritual","Culture","Shopping","","","","1","Visit the Brahma Temple, the only one in the world","Explore the Pushkar Lake and its 52 bathing ghats","Walk through the main Pushkar market for shopping"
"","","","","","","","","2","Hike to Savitri Temple for panoramic views","Camel ride in the nearby desert landscape","Attend the evening aarti at the ghats"
"Spiti Valley","8","Adventure","Nature","Photography","Culture","","","1","Travel from Manali to Kaza","Acclimatize in Kaza","Explore Kaza market"
"","","","","","","","","2","Visit the iconic Key Monastery","Explore the villages of Kibber and Chicham","Stargazing in Kaza"
"","","","","","","","","3","Drive to Langza, famous for its Buddha statue","Visit Hikkim, home to the world's highest post office","Homestay experience in Komic, one of the world's highest villages"
"","","","","","","","","4","Travel to Tabo","Explore Tabo Monastery, a UNESCO World Heritage site","Relax in Tabo"
"","","","","","","","","5","Visit Dhankar Monastery, perched on a cliff","Hike to Dhankar Lake","Return to Kaza"
"","","","","","","","","6","Explore the Pin Valley National Park","Visit the village of Mudh","Cultural interaction with locals"
"","","","","","","","","7","Drive towards Chandratal Lake","Camping near Chandratal Lake","Enjoy the pristine beauty of the lake"
"","","","","","","","","8","Travel back to Manali via Rohtang Pass","Journey back","Arrive in Manali"
"Dharamshala & Mcleodganj","3","Spiritual","Nature","Culture","Food","","","1","Explore Mcleodganj main square and visit the Dalai Lama Temple (Tsuglagkhang Complex)","Walk to Bhagsu Nag Temple and waterfall","Enjoy dinner at a Tibetan restaurant"
"","","","","","","","","2","Trek to Triund (9km, 4-5 hours)","Enjoy the stunning views of the Dhauladhar range","Camping under the stars at Triund"
"","","","","","","","","3","Trek down from Triund","Visit the Norbulingka Institute and Dharamshala Cricket Stadium","Explore the cafes of Dharamkot"
"Gokarna","3","Beach","Nature","Spiritual","Adventure","","","1","Arrive in Gokarna and check into a beach hut","Relax at the main Gokarna Beach","Visit Mahabaleshwar Temple"
"","","","","","","","","2","Beach trek from Kudle Beach to Om Beach","Continue trek to Half Moon Beach and Paradise Beach","Enjoy the sunset from a cliff-side cafe at Om Beach"
"","","","","","","","","3","Try surfing or other water sports","Explore the local market","Relax and enjoy the coastal vibe"
"Coorg (Kodagu)","3","Nature","Photography","Food","Culture","","","1","Arrive in Madikeri and visit Raja's Seat for panoramic views","Explore Abbey Falls","Walk through a coffee plantation"
"","","","","","","","","2","Visit the Dubare Elephant Camp for an elephant interaction","Explore the Namdroling Monastery (Golden Temple) in Bylakuppe","Enjoy traditional Kodava cuisine"
"","","","","","","","","3","Drive to Talakaveri, the source of the river Kaveri","Visit Mandalpatti viewpoint for breathtaking views","Shopping for local spices and coffee"
"Hyderabad","3","History","Food","Shopping","Culture","","","1","Explore the iconic Charminar and the bustling Laad Bazaar","Visit the grand Chowmahalla Palace","Enjoy authentic Hyderabadi Biryani for dinner"
"","","","","","","","","2","Visit the magnificent Golconda Fort","Explore the Qutb Shahi Tombs","Light and Sound show at Golconda Fort"
"","","","","","","","","3","Visit the Salar Jung Museum","Relax at Hussain Sagar Lake and see the Buddha statue","Explore the modern side of Hyderabad: HITEC City and GVK One Mall"
"Ahmedabad","2","History","Culture","Food","","","","1","Take a heritage walk through the old city's Pols","Visit the Sabarmati Ashram","Explore the night market at Manek Chowk"
"","","","","","","","","2","Visit the Adalaj Stepwell","Explore the Calico Museum of Textiles","Enjoy the riverfront at Sabarmati Riverfront"
"Port Blair","3","History","Beach","Nature","","","","1","Arrive and check in, visit Corbyn's Cove Beach","Explore the Cellular Jail (Kala Pani)","Attend the Sound and Light Show at the Cellular Jail"
"","","","","","","","","2","Ferry to Ross Island to see British-era ruins","Ferry to North Bay Island for snorkeling and coral viewing","Shopping for souvenirs at Aberdeen Bazaar"
"","","","","","","","","3","Visit Chidiya Tapu for bird watching and sunset views","Explore the Samudrika Naval Marine Museum","Relax and prepare for departure"
"Havelock Island (Swaraj Dweep)","3","Beach","Adventure","Photography","Nature","","","1","Arrive by ferry from Port Blair","Check in and relax at your resort","Visit Radhanagar Beach (Beach No. 7) for a spectacular sunset"
"","","","","","","","","2","Scuba diving or sea walking at Elephant Beach","Snorkeling and exploring the corals at Elephant Beach","Dinner at a seaside restaurant"
"","","","","","","","","3","Visit Kalapathar Beach for sunrise","Kayaking through the mangroves","Relax on the beach before departing the next day"
"Auli","4","Adventure","Nature","Photography","Winter Sports","","","1","Travel from Rishikesh/Haridwar to Joshimath","Rest in Joshimath","Explore Joshimath town"
"","","","","","","","","2","Take the cable car (gondola) from Joshimath to Auli","Check in and enjoy the panoramic views of Himalayan peaks like Nanda Devi","Stroll around Auli's meadows"
"","","","","","","","","3","Skiing lessons and practice on the slopes","Trek to Gorson Bugyal for even better views","Bonfire and dinner"
"","","","","","","","","4","Visit Auli Artificial Lake","Take the cable car back to Joshimath","Begin return journey"
"Thekkady (Periyar National Park)","2","Nature","Wildlife","Adventure","Food","","","1","Arrive in Thekkady (Kumily) and check in","Boat safari on Periyar Lake to spot wildlife","Watch a traditional Kathakali or Kalaripayattu performance"
"","","","","","","","","2","Go for a guided jungle trek or nature walk","Visit a spice plantation and learn about local spices","Shopping for spices and local handicrafts"
"Varkala","3","Beach","Spiritual","Food","Photography","","","1","Arrive in Varkala, check in to a cliff-side hotel","Descend to Varkala Beach (Papanasam Beach)","Explore the shops and cafes along the North Cliff"
"","","","","","","","","2","Visit the 2000-year-old Janardanaswamy Temple","Take a dip in the holy waters of the beach","Enjoy a fresh seafood dinner watching the sunset from the cliff"
"","","","","","","","","3","Yoga or Ayurveda session","Visit Kappil Beach and Backwaters","Relax and enjoy the bohemian vibe"
"Lucknow","2","History","Food","Culture","","","","1","Explore Bara Imambara and its Bhulbhulaiya (labyrinth)","Visit the Chota Imambara","Food walk in the old city for kebabs and biryani"
"","","","","","","","","2","Visit the British Residency, a key site of the 1857 revolt","Explore Hazratganj for shopping and modern Lucknow","Enjoy a cup of famous Lucknowi tea and street food"
"Orchha","2","History","Architecture","Photography","Spiritual","","","1","Explore the Orchha Fort complex, including Jahangir Mahal and Raja Mahal","Visit the Chaturbhuj Temple","Watch the sunset over the cenotaphs (Chhatris) by the Betwa River"
"","","","","","","","","2","Visit the Ram Raja Temple, where Rama is worshipped as a king","Explore the Laxminarayan Temple, known for its murals","Enjoy the tranquil riverside ambiance"
"Pune","2","History","Food","Nightlife","Culture","","","1","Explore the Shaniwar Wada, the seat of the Peshwas","Visit the Aga Khan Palace, where Mahatma Gandhi was imprisoned","Explore the vibrant nightlife and food scene in Koregaon Park"
"","","","","","","","","2","Hike to Sinhagad Fort for history and panoramic views","Visit the Dagdusheth Halwai Ganpati Temple","Food tour on FC Road and JM Road"
"Great Rann of Kutch","3","Nature","Culture","Photography","Shopping","","","1","Arrive in Bhuj, explore Aina Mahal and Prag Mahal","Travel to a tent city or resort near the White Rann","Witness the sunset over the salt desert"
"","","","","","","","","2","Experience the sunrise at the White Rann","Visit Kalo Dungar (Black Hill) for a panoramic view of the Rann","Enjoy a cultural program with folk music and dance"
"","","","","","","","","3","Visit nearby handicraft villages like Nirona (Rogan Art) and Hodka","Shopping for local crafts in Bhuj","Departure from Bhuj"
"Mahabalipuram","2","History","Architecture","Beach","Photography","","","1","Explore the Shore Temple, a UNESCO World Heritage site","Visit the Pancha Rathas (Five Rathas)","Relax at Mahabalipuram Beach"
"","","","","","","","","2","Explore Arjuna's Penance and Krishna's Butterball","Visit the various cave temples and the lighthouse","Shopping for stone sculptures and local crafts"
"Wayanad","3","Nature","Adventure","Photography","History","","","1","Arrive in Wayanad, visit Pookode Lake for boating","Explore the Lakkidi View Point","Check into a treehouse resort"
"","","","","","","","","2","Trek to Chembra Peak (heart-shaped lake on the way)","Visit Soochipara Falls","Relax and enjoy the natural surroundings"
"","","","","","","","","3","Explore the Edakkal Caves with ancient petroglyphs","Visit the Wayanad Heritage Museum","Drive to Banasura Sagar Dam, the largest earthen dam in India"
"Kasol","3","Nature","Adventure","Food","Photography","","","1","Arrive in Kasol, check in and relax","Take a walk along the Parvati River","Explore the cafes of Kasol and try Israeli food"
"","","","","","","","","2","Trek to the village of Chalal","Continue the trek to Katagla","Bonfire and music by the river"
"","","","","","","","","3","Day trip to Manikaran Sahib Gurudwara and its hot springs","Explore the village of Tosh","Return to Kasol for departure"
"Ziro Valley","4","Culture","Nature","Photography","Music","","","1","Travel from Guwahati/Itanagar to Ziro","Check in and acclimatize","Stroll through the local market in Hapoli"
"","","","","","","","","2","Explore the villages of the Apatani tribe, like Hong and Hari","Learn about the unique Apatani culture and see the facial tattoos","Interact with the local community"
"","","","","","","","","3","Visit the Talley Valley Wildlife Sanctuary","Explore the vast paddy-cum-fish farms","Enjoy local cuisine and rice beer"
"","","","","","","","","4","Visit the Shiv Linga at Kardo Forest","Photography walk through the pine groves","Relax before the journey back"
"Cherrapunji (Sohra)","3","Nature","Adventure","Photography","","","","1","Travel from Shillong to Cherrapunji","Visit the Nohkalikai Falls, the tallest plunge waterfall in India","Explore the Mawsmai Caves"
"","","","","","","","","2","Trek to the Double Decker Living Root Bridge in Nongriat village","Swim in the natural pools near the bridge","Hike back up or stay overnight in Nongriat"
"","","","","","","","","3","Visit the Seven Sisters Falls and Dainthlen Falls","Explore the Arwah Caves","Return to Shillong or Guwahati"
"Gulmarg","3","Adventure","Nature","Photography","Winter Sports","","","1","Arrive from Srinagar and check in","Take the Gulmarg Gondola (Phase 1) to Kongdoori","Walk through the meadows and explore the local market"
"","","","","","","","","2","Take the Gondola (Phase 2) to Apharwat Peak for stunning views","Skiing/snowboarding in winter or hiking in summer","Relax and enjoy the alpine atmosphere"
"","","","","","","","","3","Visit St. Mary's Church and the Maharani Temple","Enjoy a round of golf at the highest golf course in the world (in summer)","Departure for Srinagar"
"Bikaner","2","History","Culture","Food","","","","1","Explore the magnificent Junagarh Fort","Visit the Lalgarh Palace and Museum","Walk through the old city and try local snacks like Bikaneri Bhujia"
"","","","","","","","","2","Visit the Karni Mata Temple (Rat Temple) in Deshnoke","Explore the National Research Centre on Camel","Enjoy a traditional Rajasthani dinner"
"Gwalior","2","History","Architecture","Music","","","","1","Explore the massive Gwalior Fort","Visit Man Singh Palace, Gujari Mahal, and Saas Bahu Temples within the fort","Attend the Sound and Light show at the fort"
"","","","","","","","","2","Visit Jai Vilas Palace Museum, known for its opulent Durbar Hall","Explore the tomb of Tansen, the legendary musician","Listen to a classical music performance if available"
"Bhopal","3","History","Nature","Culture","","","","1","Explore the Upper Lake and Lower Lake","Visit Taj-ul-Masajid, one of the largest mosques in India","Walk through the old city's bazaars"
"","","","","","","","","2","Day trip to the Sanchi Stupas, a UNESCO World Heritage site","Explore the Buddhist monuments and the museum","Return to Bhopal"
"","","","","","","","","3","Day trip to Bhimbetka Rock Shelters, another UNESCO site with prehistoric paintings","Explore the ancient rock art","Relax by the lake in Bhopal"
"Nashik","2","Spiritual","Food","Nature","","","","1","Visit the temples and ghats along the Godavari River, like Ramkund","Explore the Pandavleni Caves","Visit a vineyard like Sula or York for a wine tasting tour"
"","","","","","","","","2","Visit the Trimbakeshwar Shiva Temple, one of the 12 Jyotirlingas","Explore the area around Trimbakeshwar","Enjoy the sunset from a vineyard restaurant"
"Dwarka","2","Spiritual","History","Beach","","","","1","Visit the main Dwarkadhish Temple (Jagat Mandir)","Take a holy dip in the Gomti River at Gomti Ghat","Attend the evening aarti at Dwarkadhish Temple"
"","","","","","","","","2","Take a ferry to Bet Dwarka island to visit more temples","Visit the Nageshwar Jyotirlinga Temple on the way back","Relax at Dwarka Beach"
"Somnath","1","Spiritual","History","Beach","","","","1","Visit the Somnath Temple, the first of the 12 Jyotirlingas","Explore the nearby Bhalka Tirth, where Lord Krishna is said to have left his mortal form","Attend the evening Sound and Light Show at Somnath Temple and watch the sunset"
"Kohima","3","Culture","History","Nature","","","","1","Arrive in Kohima, visit the Kohima War Cemetery","Explore the Nagaland State Museum to understand Naga culture","Walk through the local market"
"","","","","","","","","2","Day trip to Khonoma Green Village, known for its conservation efforts","Learn about the history and culture of the Angami tribe","Return to Kohima"
"","","","","","","","","3","Day trip to Kisama Heritage Village, the venue for the Hornbill Festival","Hike to the top of Japfu Peak (if time and fitness permit)","Enjoy a traditional Naga meal"
"Lakshadweep","5","Beach","Adventure","Nature","Photography","","","1","Fly to Agatti Island from Kochi","Transfer to your resort and relax","Enjoy the pristine beach and sunset"
"","","","","","","","","2","Water sports: kayaking, sailing, or glass-bottom boat tour","Explore Agatti island on a scooter","Stargazing on the beach"
"","","","","","","","","3","Day trip to Bangaram Island","Snorkeling in the crystal-clear lagoon","Return to Agatti"
"","","","","","","","","4","Scuba diving for certified divers or a discover scuba session for beginners","Relax on the beach, read a book","Farewell dinner with local seafood"
"","","","","","","","","5","Last swim in the lagoon","Fly back to Kochi",""
"Visakhapatnam (Vizag)","3","Beach","Nature","History","Photography","","","1","Explore RK Beach and visit the Submarine Museum (INS Kursura)","Visit the Kailasagiri hill park for panoramic city views","Enjoy the evening breeze at Tenneti Park"
"","","","","","","","","2","Drive along the scenic beach road to Bheemili","Explore the tranquil Rushikonda Beach","Relax at a beachside cafe"
"","","","","","","","","3","Day trip to the Araku Valley (can be done by a scenic train journey)","Visit the Borra Caves","Return to Visakhapatnam"
"Thanjavur (Tanjore)","2","History","Architecture","Spiritual","Culture","","","1","Visit the Brihadeeswarar Temple, a magnificent UNESCO World Heritage site","Explore the Thanjavur Maratha Palace and its art gallery","Witness the evening rituals at the temple"
"","","","","","","","","2","Visit the Saraswathi Mahal Library, one of the oldest libraries in Asia","Explore the local market to see Tanjore paintings and bronze statues being made","Enjoy traditional Chettinad cuisine"
"Dawki","2","Nature","Adventure","Photography","","","","1","Travel from Shillong to Dawki","Boating on the crystal-clear Umngot River","Camping by the riverside"
"","","","","","","","","2","Visit the India-Bangladesh border at Tamabil","Explore the nearby Shnongpdeng village for more adventure activities like kayaking and zip-lining","Return journey to Shillong"
"Chikmagalur","2","Nature","Adventure","Photography","","","","1","Arrive and check into a coffee estate homestay","Hike to Mullayanagiri, the highest peak in Karnataka","Enjoy the sunset and relax amidst the plantations"
"","","","","","","","","2","Visit Jhari Waterfalls and Baba Budangiri","Explore Hebbe Falls (requires a jeep ride)","Coffee tasting session and departure"
"Badami","2","History","Architecture","Photography","","","","1","Explore the Badami Cave Temples, a set of four rock-cut temples","Walk around the Agastya Lake and visit the Bhutanatha group of temples","Climb up to the fort for sunset views"
"","","","","","","","","2","Day trip to the UNESCO World Heritage sites of Pattadakal","Explore the ancient temple town of Aihole, the cradle of Indian temple architecture","Return to Badami for departure"
"Tarkarli","3","Beach","Adventure","Food","","","","1","Arrive and check into a beachside resort","Relax on Tarkarli Beach","Enjoy fresh Malvani seafood"
"","","","","","","","","2","Scuba diving and snorkeling at Tsunami Island","Enjoy various water sports like jet ski, banana boat ride","Visit the Sindhudurg Fort, a historic sea fort"
"","","","","","","","","3","Boat ride in the Karli River backwaters","Visit the Rock Garden","Departure"
"Alappuzha (Alleppey) - Extended","3","Nature","Beach","Food","Culture","","","1","Arrive and check into a houseboat by noon","Cruise through the serene backwaters of Vembanad Lake","Enjoy an authentic Kerala meal and overnight stay on the houseboat"
"","","","","","","","","2","After breakfast, check out from the houseboat. Take a canoe ride through narrower canals.","Check into a backwater resort. Explore the local village life on foot.","Watch the sunset over the paddy fields"
"","","","","","","","","3","Visit Alleppey Beach and the old lighthouse","Explore the Revi Karunakaran Museum","Enjoy a seafood dinner at a beachside cafe"
"Kanchipuram","1","Spiritual","History","Shopping","","","","1","Visit Kailasanathar Temple and Ekambareswarar Temple","Explore Varadharaja Perumal Temple and Kamakshi Amman Temple","Shopping for world-famous Kanchipuram silk sarees"
"Sanchi","1","History","Spiritual","Architecture","","","","1","Explore the Great Stupa (Stupa No. 1) and its intricately carved gateways (Toranas)","Visit Stupa No. 2 and Stupa No. 3, and the Ashokan pillar","Explore the ASI museum at the base of the hill"
"Diu","2","Beach","History","Nightlife","","","","1","Explore the massive Diu Fort and Panikota Fort","Visit St. Paul's Church and the Diu Museum","Relax at Jallandhar Beach or Chakratirth Beach"
"","","","","","","","","2","Relax and enjoy water sports at the beautiful Nagoa Beach","Explore the Naida Caves","Enjoy the relaxed nightlife with affordable drinks"
"Imphal","3","Culture","Nature","History","","","","1","Arrive in Imphal. Visit the Kangla Fort.","Explore the Ima Keithel (Mother's Market), run entirely by women.","Relax and try Manipuri cuisine"
"","","","","","","","","2","Day trip to Loktak Lake, the largest freshwater lake in Northeast India","Visit Keibul Lamjao National Park, the world's only floating national park, home to the Sangai deer","Return to Imphal"
"","","","","","","","","3","Visit the INA Memorial Complex in Moirang","Explore the Andro Cultural Village","Departure"
"Aizawl","2","Culture","Nature","Photography","","","","1","Arrive in Aizawl. Visit the Mizoram State Museum.","Hike to Durtlang Hills for a panoramic view of the city.","Explore Bara Bazaar, the main shopping hub."
"","","","","","","","","2","Day trip to Reiek Tlang (Reiek Peak) for trekking and nature views.","Explore the model Mizo village at the foot of the peak.","Enjoy a quiet evening and local food."
"Agartala","2","History","Culture","Nature","","","","1","Visit the Ujjayanta Palace, the former royal palace of Tripura.","Explore the Neermahal Water Palace.","Visit the Jagannath Temple."
"","","","","","","","","2","Day trip to Sepahijala Wildlife Sanctuary.","Explore the ancient rock carvings and murals at Unakoti.","Return to Agartala and shop for bamboo handicrafts."
"Neil Island (Shaheed Dweep)","2","Beach","Nature","Photography","","","","1","Arrive by ferry from Port Blair or Havelock.","Visit Bharatpur Beach for swimming and snorkeling.","Witness the sunset at Laxmanpur Beach."
"","","","","","","","","2","Visit the Natural Bridge formation at low tide.","Relax at Sitapur Beach and watch the sunrise.","Enjoy the tranquil island life before departure."
"Tiruchirappalli (Trichy)","2","Spiritual","History","Culture","","","","1","Climb the Rockfort Temple for panoramic city views.","Visit the Sri Ranganathaswamy Temple in Srirangam, one of the largest temple complexes in the world.","Explore the temple town of Srirangam."
"","","","","","","","","2","Visit the Jambukeswarar Temple (Thiruvanaikaval).","Explore St. Joseph's Church and the local markets.","Enjoy local Tamil cuisine."
"Alwar","2","History","Nature","Adventure","","","","1","Visit the haunted Bhangarh Fort.","Explore the Bala Quila (Alwar Fort).","Enjoy boating at Siliserh Lake."
"","","","","","","","","2","Go on a safari in Sariska Tiger Reserve.","Visit Moosi Maharani Ki Chhatri and the City Palace.","Try the famous Alwar 'milk cake' (Kalakand)."
"Valley of Flowers National Park","6","Nature","Trekking","Photography","","","","1","Travel from Rishikesh/Haridwar to Joshimath.","Rest and acclimatize.",""
"","","","","","","","","2","Drive from Joshimath to Govindghat, then trek to Ghangaria.","Continue the trek.","Overnight stay in Ghangaria."
"","","","","","","","","3","Trek to the Valley of Flowers.","Explore the valley and its diverse flora.","Trek back to Ghangaria."
"","","","","","","","","4","Trek to Hemkund Sahib, a high-altitude Sikh pilgrimage site.","Visit the lake and Gurudwara.","Trek back down to Ghangaria."
"","","","","","","","","5","Trek back from Ghangaria to Govindghat.","Drive back to Joshimath.","Relax."
"","","","","","","","","6","Drive back to Rishikesh/Haridwar.","",""
"Amritsar - Extended","3","Spiritual","History","Food","Culture","","","1","Visit the Golden Temple. Spend time in serene reflection.","Partake in the 'Langar' (community kitchen).","Explore the Golden Temple complex, beautifully lit up at night."
"","","","","","","","","2","Visit Jallianwala Bagh.","Travel to the Wagah Border for the evening Beating Retreat ceremony.","Dinner at a traditional Punjabi dhaba."
"","","","","","","","","3","Explore the Partition Museum.","Go on a food tour to taste Amritsari Kulcha, Lassi, and Jalebi.","Shopping for Phulkari dupattas and Juttis in the local market."
"Meghalaya - Offbeat","5","Nature","Adventure","Photography","Culture","","","1","Arrive in Shillong, drive to Mawphlang Sacred Forest.","Guided walk through the sacred grove.","Drive to Cherrapunji (Sohra) and check in."
"","","","","","","","","2","Trek to the Double Decker Living Root Bridge in Nongriat.","Continue hike to Rainbow Falls.","Overnight stay in a Nongriat homestay."
"","","","","","","","","3","Trek back up from Nongriat.","Drive to Mawlynnong, Asia's Cleanest Village.","Stay in a homestay in Mawlynnong."
"","","","","","","","","4","Visit the Living Root Bridge in Riwai village.","Drive to Dawki and enjoy boating on the Umngot River.","Drive back to Shillong."
"","","","","","","","","5","Explore Shillong's cafes and markets.","Visit Elephant Falls.","Departure."
"Chittorgarh","1","History","Photography","Culture","","","","1","Explore the vast Chittorgarh Fort, a UNESCO World Heritage Site","Visit Vijay Stambha (Victory Tower) and Kirti Stambha (Tower of Fame)","Visit the Padmini's Palace and witness the Sound and Light show at the fort"
"Mandu (Mandavgarh)","2","History","Architecture","Photography","","","","1","Explore the Royal Enclave: Jahaz Mahal (Ship Palace) and Hindola Mahal (Swing Palace)","Visit Hoshang Shah's Tomb, an inspiration for the Taj Mahal","Enjoy the sunset from Rani Roopmati's Pavilion"
"","","","","","","","","2","Visit the Jami Masjid and Ashrafi Mahal","Explore the Rewa Kund group of monuments, including Baz Bahadur's Palace","Relax and enjoy the historical ambiance of the abandoned city"
"Shekhawati (Mandawa)","2","Culture","History","Photography","Art","","","1","Arrive in Mandawa and explore its frescoed havelis like the Mandawa Fort and Hanuman Prasad Goenka Haveli","Walk through the town to discover more painted mansions","Enjoy a traditional Rajasthani dinner at a heritage hotel"
"","","","","","","","","2","Drive to nearby towns like Nawalgarh or Fatehpur to see more elaborate havelis","Visit the Podar Haveli Museum in Nawalgarh","Shop for local handicrafts"
"Bharatpur (Keoladeo National Park)","2","Nature","Photography","Wildlife","","","","1","Arrive in Bharatpur, check-in, and have lunch","Go for an evening bird-watching session inside Keoladeo National Park on a cycle rickshaw","Relax at the lodge"
"","","","","","","","","2","Early morning bird-watching walk or boat ride (seasonal) in the park to see migratory birds","Visit the Lohagarh Fort and Ganga Mandir in Bharatpur town","Departure"
"Dehradun","2","Nature","Food","Spiritual","","","","1","Visit Robber's Cave (Guchu Pani), a natural river cave formation","Explore the Forest Research Institute (FRI) with its grand colonial architecture","Visit the Tibetan Buddhist Temple in Clement Town"
"","","","","","","","","2","Visit Sahastradhara, known for its waterfalls and sulphur springs","Explore Paltan Bazaar for shopping and local snacks","Enjoy dinner at one of the city's popular cafes"
"Pahalgam","3","Nature","Photography","Adventure","","","","1","Arrive in Pahalgam, check in and relax by the Lidder River","Explore the main Pahalgam market","Enjoy a leisurely walk in the meadows"
"","","","","","","","","2","Hire a local taxi to visit Betaab Valley","Continue to Chandanwari, the starting point of the Amarnath Yatra","Return to Pahalgam and relax"
"","","","","","","","","3","Go for a pony ride to Baisaran Valley, also known as 'Mini Switzerland'","Visit Aru Valley for its scenic beauty","Enjoy a final Kashmiri meal before departure"
"Sonamarg","2","Nature","Adventure","Photography","","","","1","Travel from Srinagar to Sonamarg, enjoying the scenic drive","Take a pony ride to Thajiwas Glacier","Walk along the Sindh River"
"","","","","","","","","2","Drive to Zoji La pass for breathtaking mountain views","Explore the local meadows and enjoy the pristine environment","Travel back towards Srinagar or onwards to Ladakh"
"Chopta","3","Adventure","Nature","Spiritual","Photography","","","1","Travel from Rishikesh/Haridwar to Chopta","Check into a campsite and acclimatize","Enjoy the sunset and starry sky"
"","","","","","","","","2","Early morning trek to Tungnath Temple, the highest Shiva temple in the world","Continue the trek to Chandrashila Peak for a 360-degree Himalayan view","Trek back down to Chopta and relax around a bonfire"
"","","","","","","","","3","Visit Deoria Tal, a beautiful high-altitude lake","Explore the meadows and wildlife in the region","Begin the return journey"
"Kausani","2","Nature","Photography","Relaxation","","","","1","Arrive in Kausani and check in. Marvel at the panoramic view of the Himalayas","Visit the Anasakti Ashram (Gandhi Ashram)","Watch the spectacular sunset over the Himalayan peaks"
"","","","","","","","","2","Visit a local tea estate and the Kausani Shawl Factory","Take a nature walk through the pine forests","Enjoy a quiet evening stargazing"
"Pelling","3","Nature","Spiritual","Photography","","","","1","Arrive in Pelling and enjoy the magnificent view of Mt. Kanchenjunga","Visit the Pemayangtse Monastery","Explore the local market"
"","","","","","","","","2","Visit the Rabdentse Ruins, the former capital of Sikkim","Walk on the Pelling Skywalk and visit the giant Chenrezig statue","Relax and enjoy the mountain views"
"","","","","","","","","3","Visit the Kanchenjunga Falls and Khecheopalri Lake","Explore the Singshore Bridge, one of the highest bridges in Asia","Departure"
"Majuli","2","Culture","Nature","Photography","","","","1","Take a ferry from Jorhat to Majuli island","Check into a traditional bamboo cottage and visit the Auniati Satra","Witness a cultural performance at a Satra"
"","","","","","","","","2","Visit Samaguri Satra to see the traditional mask-making craft","Explore the island on a scooter, visiting local Mishing tribe villages","Enjoy the sunset over the Brahmaputra river before taking the ferry back"
"Nalanda and Rajgir","2","History","Spiritual","Culture","","","","1","Travel to Nalanda. Explore the ruins of Nalanda University, a UNESCO World Heritage site","Visit the Nalanda Archaeological Museum and the Xuan Zang Memorial Hall","Travel to nearby Rajgir and check in"
"","","","","","","","","2","In Rajgir, take the ropeway to Vishwa Shanti Stupa on Ratnagiri Hill","Visit Gridhakuta (Vulture's Peak) and the hot springs (Brahmakund)","Explore other sites like the Cyclopean Wall and Bimbisara's Jail"
"Bishnupur","2","History","Art","Culture","Photography","","","1","Arrive in Bishnupur. Visit the Rasmancha pavilion.","Explore the Jor-Bangla Temple and Pancha Ratna Temple","Shop for Baluchari sarees and terracotta handicrafts"
"","","","","","","","","2","Visit the Madanmohan Temple and Shyam Rai Temple","Explore the Bishnupur Museum (Acharya Jogesh Chandra Purakriti Bhawan)","Enjoy the rustic charm of the town"
"Shantiniketan","2","Culture","History","Art","","","","1","Arrive and explore the Visva-Bharati University campus","Visit the Uttarayan Complex where Rabindranath Tagore lived","Attend a local Baul music performance if available"
"","","","","","","","","2","Visit the Kala Bhavana (Art College) and Sangeet Bhavana (Music College)","Explore the Kopai River and the Sonajhuri forest, especially during the Saturday market (haat)","Shop for local handicrafts"
"Gandikota","1","Nature","Photography","Adventure","History","","","1","Arrive and explore the Gandikota Fort","Visit the Juma Masjid and Ranganatha Swamy Temple inside the fort. Marvel at the Penna River gorge ('Grand Canyon of India')","Camping and kayaking near the gorge, or stay at the local Haritha hotel"
"Lepakshi","1","History","Spiritual","Photography","Art","","","1","Arrive in Lepakshi. Visit the Veerabhadra Temple.","Marvel at the architectural wonders like the 'Hanging Pillar' and intricate carvings.","Visit the giant monolithic Nandi statue, one of the largest in the world."
"Yercaud","2","Nature","Relaxation","Photography","","","","1","Arrive in Yercaud. Go for boating in the Emerald Lake (Yercaud Lake).","Visit the Lady's Seat viewpoint for panoramic views of the ghats","Explore the Rose Garden and Anna Park"
"","","","","","","","","2","Drive up to the Pagoda Point and Karadiyur View Point","Visit the Kiliyur Falls (best after monsoon)","Walk through a coffee plantation and relax"
"Dhanushkodi","1","History","Photography","Beach","Spiritual","","","1","Travel from Rameshwaram to Dhanushkodi by jeep.","Explore the ruins of the ghost town (church, railway station, etc.).","Visit the Land's End (Arichal Munai) where the Bay of Bengal and Indian Ocean meet."
"Murudeshwar","1","Spiritual","Beach","Photography","","","","1","Visit the Murudeshwar Temple and the towering 123-feet Shiva statue.","Take the elevator up the temple's gopuram for a panoramic view of the statue and the sea.","Relax at Murudeshwar Beach and try some water sports."
"Udupi","2","Spiritual","Food","Beach","","","","1","Visit the famous Udupi Sri Krishna Matha.","Explore the nearby Malpe Beach and take a boat to St. Mary's Island to see the columnar basaltic lava formations.","Savour authentic Udupi cuisine at a local restaurant."
"","","","","","","","","2","Visit Kaup Beach and its lighthouse.","Explore the tranquil Delta Beach (Kodi Bengre) where the river meets the sea.","Relax and enjoy the coastal atmosphere."
"Dandeli","3","Adventure","Nature","Wildlife","","","","1","Arrive in Dandeli and check into a jungle resort.","Go for a jungle safari in the Dandeli Wildlife Sanctuary.","Enjoy a bonfire and a nature presentation at the resort."
"","","","","","","","","2","Experience thrilling white-water rafting on the Kali River.","Try other activities like kayaking, coracle ride, or zip-lining.","Go for a night nature walk."
"","","","","","","","","3","Visit Syntheri Rocks and Kavala Caves.","Natural Jacuzzi bath in the river.","Departure."
"Bijapur (Vijayapura)","1","History","Architecture","","","","","1","Visit the magnificent Gol Gumbaz and experience its whispering gallery.","Explore Ibrahim Rauza, often called the 'Taj Mahal of the Deccan'.","Visit other historical sites like Jama Masjid and Bara Kaman."
"Matheran","2","Nature","Photography","Relaxation","Trekking","","","1","Arrive at Dasturi Naka and walk or take a horse ride into the automobile-free Matheran.","Ride the heritage toy train (if operational).","Walk to Porcupine Point (Sunset Point) to watch the sunset."
"","","","","","","","","2","Explore various viewpoints like Panorama Point, Louisa Point, and Echo Point.","Walk through the forested paths and visit Charlotte Lake.","Shop for local products like Chikki and honey."
"Ganpatipule","2","Spiritual","Beach","Relaxation","","","","1","Arrive in Ganpatipule and visit the Swayambhu Ganpati Temple on the beach.","Relax and swim at Ganpatipule Beach.","Walk around the temple base (Pradakshina)."
"","","","","","","","","2","Explore nearby beaches like Aare Ware Beach.","Visit the Prachin Konkan Museum.","Enjoy the peaceful coastal atmosphere."
"Igatpuri","2","Nature","Adventure","Spiritual","","","","1","Arrive in Igatpuri. Visit the Dhammagiri (Vipassana International Academy).","Trek to Tringalwadi Fort.","Relax and enjoy the scenic beauty of the Sahyadris."
"","","","","","","","","2","Visit the Bhatsa River Valley and Camel Valley viewpoint.","Explore the Amruteshwar Temple.","Enjoy the sunset by the Vaitarna Dam."
"Bhandardara","2","Nature","Photography","Adventure","","","","1","Arrive in Bhandardara. Visit Wilson Dam and Arthur Lake.","Enjoy a boat ride on Arthur Lake.","Visit Umbrella Falls (seasonal) and relax."
"","","","","","","","","2","Visit Randha Falls.","Trek to Ratangad Fort or visit Amruteshwar Temple.","Watch the sunset and enjoy the serene environment."
"Saputara","2","Nature","Culture","Relaxation","","","","1","Arrive in Saputara. Take the ropeway to Sunset Point.","Go boating in Saputara Lake.","Visit the Artist Village to see tribal artifacts."
"","","","","","","","","2","Visit the Step Garden and Rose Garden.","Explore Gira Waterfalls (seasonal) and the Hatgadh Fort.","Enjoy the pleasant climate of Gujarat's only hill station."
"Palitana","2","Spiritual","Photography","Adventure","","","","1","Arrive in Palitana and rest for the early morning trek.","Explore the local market and the base of Shatrunjaya Hills.","Early dinner and rest."
"","","","","","","","","2","Start the early morning climb of over 3,500 steps to the top of Shatrunjaya Hill.","Explore the complex of over 900 Jain temples.","Descend before sunset and depart."
"Junagadh","2","History","Spiritual","Architecture","","","","1","Visit the Uparkot Fort and see the Buddhist caves and step-wells inside.","Explore the stunning Mahabat Maqbara and Bahauddin Maqbara.","Walk through the old city."
"","","","","","","","","2","Begin the climb or take the ropeway up Girnar Hill, a major pilgrimage site for Hindus and Jains.","Explore the temples on top of Girnar.","Descend and visit the Damodar Kund at the foothills."
"Kalimpong","2","Nature","Culture","Photography","","","","1","Arrive in Kalimpong. Visit Deolo Hill for panoramic views.","Explore Dr. Graham's Homes, a historic educational institution.","Stroll through the main market."
"","","","","","","","","2","Visit Zang Dhok Palri Phodang monastery and a flower nursery.","Explore the Pine View Nursery for its cactus collection.","Enjoy the quiet ambiance of this hill station."
"Daman","2","Beach","History","Nightlife","","","","1","Arrive in Moti Daman. Explore the Moti Daman Fort and the Lighthouse.","Visit the Church of Bom Jesus.","Relax at Jampore Beach and enjoy the sunset."
"","","","","","","","","2","Explore Nani Daman, including St. Jerome Fort.","Relax at Devka Beach.","Enjoy the nightlife and affordable seafood and drinks."
"Mukteshwar","2","Nature","Adventure","Photography","","","","1","Arrive in Mukteshwar. Visit the 350-year-old Mukteshwar Dham Temple.","Explore Chauli Ki Jali for rock climbing, rappelling and amazing valley views.","Enjoy the stunning sunset over the Himalayan range."
"","","","","","","","","2","Take a nature walk through the fruit orchards and forests.","Visit the Indian Veterinary Research Institute (IVRI).","Relax and enjoy the peaceful mountain environment."
"Patnitop","2","Nature","Relaxation","Photography","","","","1","Arrive in Patnitop from Jammu/Katra. Check in and enjoy the views.","Take a walk through the pine and deodar forests.","Enjoy the sunset from a viewpoint."
"","","","","","","","","2","Visit Nathatop for panoramic views and seasonal snow activities.","Explore the ancient Naag Mandir.","Enjoy a picnic at Sanasar Lake (a short drive away)."
"Dhanaulti","2","Nature","Adventure","Relaxation","","","","1","Arrive in Dhanaulti. Explore the Eco Park (Amber and Dhara).","Walk through the deodar and rhododendron forests.","Enjoy the quiet Himalayan evening."
"","","","","","","","","2","Visit the Surkanda Devi Temple (requires a short trek).","Try adventure sports at a local adventure park (zip-lining, sky walking etc).","Camping and bonfire."
"Kanatal","2","Nature","Adventure","Camping","","","","1","Arrive in Kanatal and check into a campsite.","Enjoy adventure activities like valley crossing and rappelling.","Bonfire, music, and stargazing."
"","","","","","","","","2","Visit the Kodia Jungle for a nature walk or jungle safari.","Explore the Tehri Dam, one of the tallest dams in the world.","Relax and enjoy the mountain scenery."
"Lachen and Lachung","4","Nature","Adventure","Photography","","","","1","Travel from Gangtok to Lachen. Stop at viewpoints along the way.","Arrive in Lachen and acclimatize.","Early dinner and rest."
"","","","","","","","","2","Early morning excursion to Gurudongmar Lake, one of the highest lakes in the world.","Return to Lachen for lunch, then drive to Lachung.","Check into your hotel in Lachung and relax."
"","","","","","","","","3","Visit the Yumthang Valley (Valley of Flowers).","Optional trip to Zero Point (Yumesamdong) for snow (seasonal).","Return to Lachung and explore the village."
"","","","","","","","","4","Begin the return journey from Lachung to Gangtok.","Stop at viewpoints you missed on the way up.","Arrive in Gangtok."
"Dirang","2","Nature","Culture","Relaxation","","","","1","Arrive in Dirang from Tezpur/Guwahati. Check in and relax.","Visit the Dirang Dzong (a historic fort-village).","Visit the hot water springs for a relaxing dip."
"","","","","","","","","2","Visit the National Research Centre on Yak.","Explore the local monasteries and Kiwi/Apple orchards.","Enjoy the serene valley and the Dirang River."
"Bomdila","2","Nature","Culture","Photography","","","","1","Arrive in Bomdila. Visit the Gontse Gaden Rabgyel Lling (GRL) Monastery.","Explore the local market for handicrafts.","Enjoy the views of the Himalayan peaks from a viewpoint."
"","","","","","","","","2","Visit the Bomdila View Point for panoramic views.","Explore the Craft Centre and Ethnographic Museum.","Take a leisurely walk around the town."
"Patna","2","History","Culture","Spiritual","","","","1","Visit the Patna Museum.","Explore Golghar, a massive granary with panoramic city views.","Visit the Takht Sri Patna Sahib, the birthplace of Guru Gobind Singh."
"","","","","","","","","2","Explore the ruins of Pataliputra at Kumhrar.","Visit the Bihar Museum.","Take an evening cruise on the Ganges River."
"Digha","2","Beach","Relaxation","Food","","","","1","Arrive in Digha. Check into a hotel.","Relax and enjoy the waves at Old Digha Beach.","Explore the market and enjoy fresh fried seafood."
"","","","","","","","","2","Visit the less crowded New Digha Beach.","Explore the Marine Aquarium and Regional Centre (MARC).","Enjoy the sunset at Udaipur Beach on the Odisha-Bengal border."
"Gopalpur","2","Beach","History","Relaxation","","","","1","Arrive in Gopalpur-on-Sea. Relax at the beach.","Explore the old lighthouse and the ruins of the ancient port.","Enjoy a quiet sunset on the beach."
"","","","","","","","","2","Take a short trip to Chilika Lake at Barkul for bird watching and boating.","Visit the Aryapalli Beach for a change of scenery.","Enjoy local seafood delicacies."
"Vijayawada","2","Spiritual","History","Food","","","","1","Visit the Kanaka Durga Temple atop Indrakeeladri Hill.","Explore the Undavalli Caves, monolithic rock-cut temples.","Walk across the Prakasam Barrage over the Krishna River."
"","","","","","","","","2","Visit the Kondapalli Fort.","Explore the Rajiv Gandhi Park.","Enjoy local Andhra cuisine."
"Kolli Hills","2","Nature","Adventure","Photography","","","","1","Arrive at the base and navigate the 70 hairpin bends to the top.","Visit the Arapaleeswarar Temple.","Trek down to the Agaya Gangai Waterfalls."
"","","","","","","","","2","Explore the Seekuparai and Selur Nadu viewpoints.","Visit a local spice farm.","Enjoy the cool climate and serene environment before departing."
"Valparai","2","Nature","Photography","Wildlife","","","","1","Drive to Valparai through lush tea and coffee estates.","Visit the Nallamudi Viewpoint for spectacular views.","Look for the endemic Nilgiri Tahr."
"","","","","","","","","2","Explore Sholayar Dam, one of the largest in the region.","Take a walk through a tea plantation and visit a tea factory.","Relax at your resort amidst nature."
"Karwar","2","Beach","Nature","Food","","","","1","Arrive and check in. Relax at Rabindranath Tagore Beach.","Visit the INS Chapal Warship Museum.","Enjoy fresh Karwari seafood."
"","","","","","","","","2","Take a boat ride to Kurumgad Island for trekking and snorkeling.","Explore the less-crowded Tilmati Beach.","Visit the Sadashivgad Fort for sunset views."
"Chikhaldara","2","Nature","Photography","History","","","","1","Arrive in Chikhaldara. Visit Bhimkund, where Bhima is said to have washed.","Explore various viewpoints like Hurricane Point and Prospect Point.","Enjoy the sunset from Gavilgad Fort."
"","","","","","","","","2","Go for a safari in the Melghat Tiger Reserve.","Visit the Narnala Fort.","Relax by the Shakkar Lake."
"Landour","2","Relaxation","History","Food","Photography","","","1","Arrive in Landour. Walk to St. Paul's Church.","Explore the quiet roads and colonial architecture.","Enjoy baked goods at the famous Landour Bakehouse."
"","","","","","","","","2","Walk up to Lal Tibba, the highest point, for Himalayan views.","Browse for books at the local bookshops. Try to spot Ruskin Bond's residence.","Enjoy a peaceful evening with cheese toast at Char Dukan."
"Gaya","1","Spiritual","History","","","","","1","Visit the Vishnupad Temple, a major Hindu pilgrimage site.","Perform 'Pind Daan' rituals on the banks of the Falgu River (for pilgrims).","Explore other temples in the area like Mangla Gauri Temple."
"Tirunelveli","2","Spiritual","Food","Nature","","","","1","Visit the grand Nellaiappar Temple.","Explore the city and its markets.","Taste the world-famous Tirunelveli Halwa at a traditional shop."
"","","","","","","","","2","Day trip to Courtallam (Kutralam) to enjoy its waterfalls (seasonal).","Visit the Papanasam Temple and Agasthiyar Falls.","Return to Tirunelveli."
"Rajasthan Royal Circuit","6","History","Culture","Photography","Shopping","","Rajasthan","1","Arrive in Udaipur. Check-in and visit the City Palace.","Enjoy a boat ride on Lake Pichola.","Watch the Dharohar cultural show at Bagore Ki Haveli."
"","","","","","","","","2","Morning trip to Monsoon Palace (Sajjangarh) for panoramic views. Visit Saheliyon Ki Bari.","Travel to Jodhpur (approx. 4-5 hours).","Explore the Clock Tower market and enjoy dinner in the old city."
"","","","","","","","","3","Explore the majestic Mehrangarh Fort.","Visit the serene Jaswant Thada.","Explore the Blue City (Brahmapuri) lanes."
"","","","","","","","","4","Travel to Jaipur (approx. 5-6 hours).","Check-in and visit the City Palace and Jantar Mantar.","Shopping at Johari Bazaar and dinner at a traditional Rajasthani restaurant."
"","","","","","","","","5","Visit the magnificent Amer Fort. Enjoy an elephant ride (optional).","Explore Jaigarh Fort and Nahargarh Fort for sunset views.","Visit Hawa Mahal and walk through the Pink City market."
"","","","","","","","","6","Visit the Albert Hall Museum.","Try a block-printing workshop or visit the Galtaji (Monkey) Temple.","Departure from Jaipur."
"Kerala Backwaters & Hills","6","Nature","Beach","Photography","Food","Culture","Kerala","1","Arrive in Kochi. Explore Fort Kochi: Chinese Fishing Nets, St. Francis Church.","Visit Mattancherry: Dutch Palace and Jewish Synagogue.","Watch a Kathakali performance."
"","","","","","","","","2","Travel to Munnar (approx. 4 hours).","Check-in and visit a nearby tea plantation and the Tata Tea Museum.","Relax and enjoy the cool mountain air."
"","","","","","","","","3","Visit Eravikulam National Park to see the Nilgiri Tahr.","Explore Mattupetty Dam, Echo Point, and Kundala Lake.","Stroll through Munnar town market."
"","","","","","","","","4","Travel to Alleppey (Alappuzha) (approx. 4-5 hours).","Board a private houseboat for an overnight cruise through the backwaters.","Enjoy a freshly cooked Keralan meal on the houseboat."
"","","","","","","","","5","After breakfast, disembark from the houseboat. Travel to Varkala or Marari beach.","Relax on the beach. In Varkala, explore the cliff-top shops and cafes.","Enjoy a seafood dinner watching the sunset over the Arabian Sea."
"","","","","","","","","6","Enjoy a final swim or an Ayurveda massage.","Travel to Trivandrum (TRV) or Kochi (COK) airport for departure.","Departure."
"Goa - North & South Explorer","6","Beach","Nightlife","History","Food","Adventure","Goa","1","Arrive in North Goa. Check into a hotel in Calangute/Baga.","Relax at Calangute Beach and try some water sports.","Explore the vibrant nightlife at Tito's Lane in Baga."
"","","","","","","","","2","Visit Fort Aguada for panoramic views.","Explore the beaches of Candolim and Sinquerim.","Enjoy a sunset dinner at a beach shack."
"","","","","","","","","3","Visit the bohemian Anjuna Beach and its famous Flea Market (Wednesday only).","Explore the scenic Vagator Beach and climb up to Chapora Fort ('Dil Chahta Hai' Fort).","Experience the party scene at a club in Vagator."
"","","","","","","","","4","Travel to South Goa. En route, explore the historical sites of Old Goa (UNESCO World Heritage).","Visit the Basilica of Bom Jesus and Se Cathedral.","Check into a resort in South Goa (e.g., Colva, Benaulim)."
"","","","","","","","","5","Relax on the pristine and quiet Colva or Benaulim Beach.","Visit the beautiful Palolem Beach, known for its crescent shape.","Try a silent disco in Palolem or enjoy a quiet dinner."
"","","","","","","","","6","Visit the secluded Butterfly Beach (by boat) or Agonda Beach, a turtle nesting site.","Enjoy a final Goan meal.","Departure from Goa (GOI) airport."
"Himachal - Mountains & Valleys","6","Nature","Adventure","Photography","Culture","","Himachal Pradesh","1","Arrive in Manali. Check-in and acclimatize.","Visit Hadimba Devi Temple, a unique wooden temple.","Explore the cafes and market of Old Manali."
"","","","","","","","","2","Day trip to Solang Valley for adventure sports.","Enjoy paragliding, zorbing, or take the ropeway for stunning views.","Walk along the Manali Mall Road."
"","","","","","","","","3","Excursion to Rohtang Pass (subject to permits and weather).","Enjoy the snow and spectacular mountain scenery. Alternatively, visit the Atal Tunnel and Sissu.","Relax by the Beas River."
"","","","","","","","","4","Travel to Kasol in Parvati Valley (approx. 2-3 hours).","Check-in and explore the riverside town.","Enjoy Israeli cuisine at a local cafe."
"","","","","","","","","5","Trek to the serene village of Chalal.","Visit Manikaran Sahib Gurudwara and its hot springs.","Relax in Kasol or explore the village of Tosh for breathtaking views."
"","","","","","","","","6","Enjoy a final breakfast in the mountains.","Travel to Bhuntar (KUU) airport or begin the bus journey back.","Departure."
"Jammu & Kashmir - Paradise on Earth","6","Nature","Photography","Culture","Food","","Jammu & Kashmir","1","Arrive in Srinagar. Transfer to a houseboat on Dal Lake.","Enjoy a relaxing Shikara ride on the lake.","Explore the floating markets and watch the sunset over the lake."
"","","","","","","","","2","Visit the Mughal Gardens: Nishat Bagh, Shalimar Bagh, and Chashme Shahi.","Explore Shankaracharya Temple for a panoramic view of Srinagar.","Walk around the old city and try some local Kashmiri snacks."
"","","","","","","","","3","Day trip to Gulmarg, the 'Meadow of Flowers' (approx. 2 hours).","Take the Gulmarg Gondola ride (Phase 1 & 2) for breathtaking Himalayan views.","Return to Srinagar."
"","","","","","","","","4","Travel to Pahalgam, the 'Valley of Shepherds' (approx. 3 hours).","Check-in and explore the town. Visit the main Pahalgam valley.","Relax by the Lidder River."
"","","","","","","","","5","Hire a local vehicle to visit Aru Valley and Betaab Valley.","Explore Chandanwari, the starting point for the Amarnath Yatra.","Return to Pahalgam and enjoy a peaceful evening."
"","","","","","","","","6","Enjoy a final Kashmiri breakfast.","Travel back to Srinagar (SXR) airport for departure.","Departure."
"Karnataka - Heritage Trail","5","History","Architecture","Photography","Culture","","Karnataka","1","Arrive at Hubli (HBX) airport or Hospet (HPT) railway station. Travel to Hampi.","Check-in. Explore the Virupaksha Temple and Hemakuta Hill for sunset.","Walk through Hampi Bazaar."
"","","","","","","","","2","Explore the Royal Centre: Lotus Mahal, Elephant Stables, and Stepped Tank.","Visit the iconic Vittala Temple Complex with its Stone Chariot and musical pillars.","Enjoy a coracle ride on the Tungabhadra River."
"","","","","","","","","3","Travel to Badami (approx. 3-4 hours).","Explore the Badami Cave Temples and the Agastya Lake.","Climb up to the Badami Fort for views of the town."
"","","","","","","","","4","Day trip to Pattadakal, a UNESCO World Heritage site with a stunning collection of temples.","Explore Aihole, known as the 'Cradle of Indian Architecture', with over 100 temples.","Return to Badami."
"","","","","","","","","5","Revisit any favorite spot or shop for local handicrafts.","Travel back to Hubli (HBX) for departure.","Departure."
"Tamil Nadu - Temple & Coastal Tour","6","Spiritual","History","Culture","Food","Photography","Tamil Nadu","1","Arrive in Madurai. Check-in and visit the Thirumalai Nayakkar Palace.","Explore the magnificent Meenakshi Amman Temple.","Witness the night ceremony at the temple."
"","","","","","","","","2","Travel to Rameswaram (approx. 3-4 hours).","Visit Ramanathaswamy Temple and take a dip in the 22 holy wells (tirthas).","Walk on the Pamban Bridge and visit APJ Abdul Kalam's memorial."
"","","","","","","","","3","Visit the ghost town of Dhanushkodi and see the 'Ram Setu' point.","Travel to Kanyakumari (approx. 5-6 hours), the southernmost tip of India.","Witness the spectacular sunset over the confluence of three seas."
"","","","","","","","","4","Wake up early to see the sunrise. Visit the Vivekananda Rock Memorial and Thiruvalluvar Statue.","Travel to Thanjavur (Tanjore) (long journey, approx. 7 hours).","Check-in and rest in Thanjavur."
"","","","","","","","","5","Visit the Brihadeeswarar Temple (Big Temple), a UNESCO World Heritage site.","Explore the Thanjavur Maratha Palace, art gallery, and Saraswathi Mahal Library.","Shop for Tanjore paintings and bronze statues."
"","","","","","","","","6","Travel to Tiruchirappalli (Trichy) (approx. 1.5 hours). Visit Sri Ranganathaswamy Temple.","Explore Rockfort Temple.","Departure from Trichy (TRZ) airport."
"Uttar Pradesh - Heritage Arc","6","History","Spiritual","Culture","Food","Architecture","Uttar Pradesh","1","Arrive in Agra. Visit the magnificent Taj Mahal.","Explore the massive Agra Fort.","Visit Mehtab Bagh for a sunset view of the Taj across the river."
"","","","","","","","","2","Day trip to Fatehpur Sikri, the abandoned Mughal capital.","Return to Agra. Explore the Tomb of Itimad-ud-Daulah (Baby Taj).","Enjoy Mughlai cuisine for dinner."
"","","","","","","","","3","Travel to Lucknow (approx. 4-5 hours).","Check-in and visit Bara Imambara and its labyrinth (Bhulbhulaiya).","Embark on a culinary walk in the old city for Tunday Kebabs and other delicacies."
"","","","","","","","","4","Visit the British Residency and Chota Imambara.","Explore Hazratganj for shopping. Try the famous 'basket chaat'.","Take an overnight train or an early morning flight to Varanasi."
"","","","","","","","","5","Arrive in Varanasi. Take a boat ride on the Ganges to see the ghats.","Explore the narrow lanes of the old city and visit Kashi Vishwanath Temple.","Witness the mesmerizing Ganga Aarti ceremony at Dashashwamedh Ghat."
"","","","","","","","","6","Morning trip to Sarnath, where Buddha gave his first sermon.","Explore the Dhamek Stupa and the Sarnath Museum.","Departure from Varanasi (VNS) airport."
"West Bengal - City & Mangroves","5","Culture","History","Nature","Food","Wildlife","West Bengal","1","Arrive in Kolkata. Visit the iconic Victoria Memorial.","Explore St. Paul's Cathedral and walk through the Maidan.","Explore the bustling New Market and have dinner on Park Street."
"","","","","","","","","2","Explore North Kolkata's heritage: Kumortuli (potters' colony) and a tram ride.","Visit Jorasanko Thakur Bari (Tagore's ancestral home) and the Marble Palace.","Enjoy Bengali sweets and street food."
"","","","","","","","","3","Travel from Kolkata to Godkhali (approx. 3-4 hours), the gateway to the Sundarbans.","Board a boat and cruise to your jungle resort, passing through mangrove creeks.","Enjoy a presentation on the Sundarbans and a local cultural performance."
"","","","","","","","","4","Full day boat safari through the Sundarbans National Park.","Visit various watchtowers like Sajnekhali and Sudhanyakhali to spot wildlife like crocodiles, deer, and the elusive Royal Bengal Tiger.","Night stay at the jungle resort."
"","","","","","","","","5","Visit a village to experience the local way of life.","Start your journey back to Kolkata.","Departure from Kolkata (CCU) airport."
"Sikkim - Himalayan Kingdom Tour","6","Nature","Photography","Culture","Spiritual","","Sikkim","1","Arrive at Bagdogra (IXB) airport / NJP station. Travel to Gangtok (approx. 4-5 hours).","Check-in and relax.","Stroll along the pedestrian-only MG Marg."
"","","","","","","","","2","Excursion to Tsomgo Lake (Changu Lake).","Visit Baba Mandir. Optional trip to Nathula Pass (requires permit, closed Mon/Tues).","Return to Gangtok. Try some local Sikkimese food."
"","","","","","","","","3","Gangtok local sightseeing: Rumtek Monastery, Namgyal Institute of Tibetology.","Visit Do-Drul Chorten, Enchey Monastery, and a flower exhibition centre.","Take the ropeway for city views."
"","","","","","","","","4","Travel from Gangtok to Pelling (approx. 4-5 hours).","Check-in and marvel at the stunning views of Mt. Kanchenjunga.","Visit the Pemayangtse Monastery."
"","","","","","","","","5","Pelling sightseeing: Kanchenjunga Falls, Khecheopalri Lake.","Visit the Rabdentse Ruins and the Pelling Skywalk.","Relax and enjoy the mountain tranquility."
"","","","","","","","","6","Enjoy a final Sikkimese breakfast.","Travel back to Bagdogra (IXB) / NJP for departure (approx. 5-6 hours).","Departure."
"Gujarat - White Desert & Heritage","5","Culture","Photography","Nature","History","","Gujarat","1","Arrive in Ahmedabad. Visit the Sabarmati Ashram.","Explore the Calico Museum of Textiles and the Adalaj Stepwell.","Take a heritage walk through the old city's Pols. Overnight train/bus to Bhuj."
"","","","","","","","","2","Arrive in Bhuj. Check-in and visit Prag Mahal and Aina Mahal.","Get permit for the Rann of Kutch. Travel to a resort/tent city near Dhordo.","Witness the spectacular sunset over the white salt desert."
"","","","","","","","","3","Experience the sunrise at the Great Rann of Kutch.","Visit Kalo Dungar (Black Hill) for a panoramic view of the Rann.","Enjoy a local Kutchi cultural program."
"","","","","","","","","4","Explore the Banni grasslands and visit handicraft villages like Nirona (Rogan art) and Hodka.","Learn about the rich craft traditions of the region.","Travel back to Bhuj."
"","","","","","","","","5","Day trip to the coastal town of Mandvi.","Visit the Vijay Vilas Palace and the historic shipbuilding yard.","Relax at Mandvi Beach before departing from Bhuj (BHJ) airport."
"Madhya Pradesh - Temples & Forts","5","History","Architecture","Spiritual","Photography","","Madhya Pradesh","1","Arrive in Khajuraho. Explore the Western Group of Temples (UNESCO World Heritage).","Admire the intricate and famous sculptures.","Attend the spectacular Light and Sound Show."
"","","","","","","","","2","Visit the Eastern and Southern Groups of Temples.","Travel to Orchha (approx. 3-4 hours).","Witness the sunset over the cenotaphs (Chhatris) by the Betwa River."
"","","","","","","","","3","Explore the Orchha Fort complex: Jahangir Mahal, Raja Mahal.","Visit the Ram Raja Temple and the Chaturbhuj Temple.","Relax in the tranquil riverside town."
"","","","","","","","","4","Travel to Gwalior (approx. 2-3 hours).","Explore the massive Gwalior Fort, including Man Singh Palace and the Saas Bahu Temples.","Attend the Sound and Light show at the Man Mandir Palace in the fort."
"","","","","","","","","5","Visit the opulent Jai Vilas Palace Museum.","Explore the Tomb of Tansen and Ghaus Mohammed.","Departure from Gwalior (GWL) airport."
"Maharashtra - Caves, Forts & City","5","History","Architecture","Spiritual","Photography","","Maharashtra","1","Arrive in Aurangabad. Check-in and relax.","Visit the Daulatabad Fort, a formidable hill fortress.","Explore Bibi Ka Maqbara, the 'Taj of the Deccan'."
"","","","","","","","","2","Full day excursion to the Ajanta Caves (UNESCO World Heritage site).","Explore the ancient rock-cut Buddhist cave monuments and admire the beautiful paintings.","Return to Aurangabad."
"","","","","","","","","3","Excursion to the Ellora Caves (UNESCO World Heritage site).","Marvel at the incredible Kailasa Temple (Cave 16), the world's largest monolithic sculpture.","Visit Grishneshwar Jyotirlinga Temple, located near Ellora."
"","","","","","","","","4","Fly from Aurangabad (IXU) to Mumbai (BOM).","Check-in. Visit the Gateway of India and take a ferry ride in the harbour.","Walk along Marine Drive, the 'Queen's Necklace'."
"","","","","","","","","5","Explore colonial Mumbai: Chhatrapati Shivaji Maharaj Terminus (CST), the High Court.","Visit Dhobi Ghat and Haji Ali Dargah.","Explore the bustling markets of Colaba Causeway before departure from Mumbai."
"Odisha - The Golden Triangle","5","Spiritual","History","Beach","Nature","Architecture","Odisha","1","Arrive in Bhubaneswar, the 'Temple City'. Visit the Lingaraj Temple.","Explore other temples like Mukteshwar and Rajarani Temple.","Visit the Udayagiri and Khandagiri Caves."
"","","","","","","","","2","Travel to Puri (approx. 1.5 hours). En route, visit the Dhauli Shanti Stupa.","Check-in and visit the Jagannath Temple (non-Hindus can view from outside).","Relax at Puri Beach and explore the bustling beach market."
"","","","","","","","","3","Travel to Konark (approx. 1 hour). Visit the magnificent Sun Temple (UNESCO World Heritage).","Explore the Chandrabhaga Beach.","Return to Puri. Enjoy the sunset."
"","","","","","","","","4","Day trip to Chilika Lake at Satapada.","Take a boat cruise to see the Irrawaddy dolphins and the sea mouth.","Return to Puri."
"","","","","","","","","5","Visit the artists' village of Raghurajpur, famous for Pattachitra paintings.","Enjoy a final Odia meal.","Travel back to Bhubaneswar (BBI) for departure."
"Punjab - Culture & Faith","5","Spiritual","History","Food","Culture","","Punjab","1","Arrive in Amritsar. Check-in and visit the Golden Temple.","Spend time absorbing the peaceful atmosphere and partake in the Langar (community meal).","Revisit the Golden Temple to see it beautifully illuminated at night."
"","","","","","","","","2","Visit Jallianwala Bagh, a memorial of national importance.","Travel to the Wagah Border to witness the energetic Beating Retreat ceremony.","Enjoy a hearty Punjabi dinner at a traditional dhaba."
"","","","","","","","","3","Visit the Partition Museum.","Go on a food tour to taste Amritsari Kulcha, Lassi, and other local delicacies.","Travel to Chandigarh (approx. 4 hours)."
"","","","","","","","","4","Explore Chandigarh, the planned city by Le Corbusier. Visit the Capitol Complex.","Visit the unique Rock Garden created by Nek Chand.","Enjoy boating at Sukhna Lake and watch the sunset."
"","","","","","","","","5","Visit the Rose Garden and explore the Sector 17 market.","Relax and enjoy the city's green spaces.","Departure from Chandigarh (IXC) airport."
"Uttarakhand - Spiritual & Mountain Retreat","6","Spiritual","Adventure","Nature","Photography","","Uttarakhand","1","Arrive in Haridwar. Take a holy dip in the Ganges at Har Ki Pauri.","Visit Mansa Devi Temple via cable car.","Witness the grand Ganga Aarti ceremony at Har Ki Pauri."
"","","","","","","","","2","Travel to Rishikesh (approx. 1 hour).","Cross the iconic Ram Jhula and Lakshman Jhula bridges.","Attend the Ganga Aarti at Parmarth Niketan and explore local cafes."
"","","","","","","","","3","Experience thrilling white-water rafting on the Ganges.","Visit the Beatles Ashram (Chaurasi Kutia) for a dose of history and art.","Relax by the river."
"","","","","","","","","4","Travel to Mussoorie, the 'Queen of Hills' (approx. 2-3 hours).","Check-in and walk along the Mall Road.","Take the cable car to Gun Hill for sunset views."
"","","","","","","","","5","Visit the beautiful Kempty Falls.","Explore the charming town of Landour, visit St. Paul's Church and Char Dukan.","Enjoy views from Lal Tibba."
"","","","","","","","","6","Enjoy a final breakfast in Mussoorie.","Travel to Dehradun (DED) airport for departure.","Departure."
"Andhra Pradesh - Coast, Hills & Canyon","6","Nature","Photography","History","Beach","Adventure","Andhra Pradesh","1","Arrive in Visakhapatnam (Vizag). Visit the Submarine Museum (INS Kursura) on RK Beach.","Explore Kailasagiri hill park for panoramic city views.","Relax at Rushikonda Beach."
"","","","","","","","","2","Take the scenic train journey from Vizag to Araku Valley.","Arrive in Araku, check-in and visit the Tribal Museum.","Enjoy the pleasant climate and visit a coffee plantation."
"","","","","","","","","3","Explore the magnificent Borra Caves.","Visit Galikonda Viewpoint and the Katiki Waterfalls.","Travel back to Visakhapatnam by road."
"","","","","","","","","4","Take a flight from Vizag (VTZ) to Kadapa (CDP) or travel by overnight train.","Travel from Kadapa to Gandikota (approx. 2-3 hours).","Witness the sunset at the Gandikota canyon ('Grand Canyon of India'). Camp overnight."
"","","","","","","","","5","Explore the Gandikota Fort, Juma Masjid, and Ranganatha Swamy Temple.","Visit the stunning Belum Caves, the second-largest cave system in India.","Return to Gandikota or stay near Belum."
"","","","","","","","","6","Enjoy the morning view at the canyon.","Travel to Kadapa (CDP) or Bengaluru (BLR) for departure.","Departure."
"Telangana - Of Nawabs & Kakatiyas","5","History","Food","Culture","Architecture","","Telangana","1","Arrive in Hyderabad. Explore the Charminar and Laad Bazaar.","Visit the grand Chowmahalla Palace.","Enjoy authentic Hyderabadi Biryani for dinner."
"","","","","","","","","2","Visit the majestic Golconda Fort.","Explore the nearby Qutb Shahi Tombs.","Attend the Sound and Light Show at Golconda Fort."
"","","","","","","","","3","Visit the Salar Jung Museum, which has one of the world's largest one-man collections.","Relax at Hussain Sagar Lake and see the Buddha statue.","Explore the modern side of Hyderabad in Banjara Hills or Jubilee Hills."
"","","","","","","","","4","Day trip to Warangal (approx. 3 hours).","Visit the Warangal Fort, Thousand Pillar Temple, and the Swayambhu Temple.","Return to Hyderabad."
"","","","","","","","","5","Visit Ramoji Film City (requires a full day).","Explore the film sets and attractions.","Departure from Hyderabad (HYD) airport."
"Meghalaya & Assam - Clouds & Culture","6","Nature","Photography","Adventure","Culture","","Assam & Meghalaya","1","Arrive in Guwahati, Assam. Visit the Kamakhya Temple.","Take a cruise on the Brahmaputra River.","Travel to Shillong, Meghalaya (approx. 3 hours). Check-in."
"","","","","","","","","2","Explore Shillong: Ward's Lake and Don Bosco Museum.","Visit Shillong Peak for panoramic views and Elephant Falls.","Explore the cafes and nightlife in Police Bazaar."
"","","","","","","","","3","Travel to Cherrapunji (Sohra).","Visit Nohkalikai Falls, Seven Sisters Falls, and Mawsmai Cave.","Check into a resort in Cherrapunji and enjoy the misty weather."
"","","","","","","","","4","Trek to the famous Double Decker Living Root Bridge in Nongriat village.","Swim in the natural pools. The trek is strenuous and takes a full day.","Return to your resort and relax."
"","","","","","","","","5","Travel to Mawlynnong, 'Asia's Cleanest Village'.","Walk on the living root bridge in the nearby village of Riwai. Climb a bamboo watchtower for views of Bangladesh.","Drive to Dawki and enjoy the view of the clear Umngot River."
"","","","","","","","","6","Enjoy an early morning boat ride on the Umngot river.","Travel back to Guwahati (approx. 5-6 hours).","Departure from Guwahati (GAU) airport."
"Ladakh - High Altitude Adventure","6","Adventure","Nature","Photography","Culture","","Ladakh","1","Fly into Leh. Complete rest for acclimatization.","Stay hydrated and take it easy. Do not exert yourself.","Take a short walk to Leh Market."
"","","","","","","","","2","Leh local sightseeing: Visit Leh Palace, Shanti Stupa for panoramic views.","Visit Hall of Fame museum and Spituk Monastery.","Relax and further acclimatize."
"","","","","","","","","3","Travel to Nubra Valley via Khardung La, one of the world's highest motorable passes.","Visit the Diskit Monastery and see the Maitreya Buddha statue.","Enjoy a double-humped Bactrian camel safari in the Hunder sand dunes."
"","","","","","","","","4","Explore Nubra. Optional visit to Turtuk village.","Travel back to Leh.","Rest in Leh."
"","","","","","","","","5","Day trip to Pangong Tso (lake). The journey is long and scenic.","Marvel at the stunning blue brackish lake. See the '3 Idiots' movie spot.","Travel back to Leh. (Note: an overnight stay at Pangong is better but requires an extra day)."
"","","","","","","","","6","Visit the monasteries of the 'Indus Valley Circuit': Hemis, Thiksey, and Shey.","Shop for souvenirs in Leh market.","Departure from Leh (IXL) airport."
